{"cameraMode":{"drawMode":0,"name":"Shaded","section":"Shading Mode"},"sceneLighting":true,"audioPlay":false,"sceneViewState":{"showFog":true,"showMaterialUpdate":false,"showSkybox":true,"showFlares":true,"showImageEffects":true,"showParticleSystems":true},"in2DMode":false,"pivot":{"x":15.286116600036621,"y":0.13054275512695313,"z":8.728355407714844},"rotation":{"x":0.051260806620121,"y":-0.017079083248972894,"z":-0.0008751890272833407,"w":-0.9985435009002686},"size":32.714805603027347,"orthographic":false}