{"cameraMode":{"drawMode":0,"name":"Shaded","section":"Shading Mode"},"sceneLighting":false,"audioPlay":false,"sceneViewState":{"showFog":true,"showMaterialUpdate":true,"showSkybox":false,"showFlares":true,"showImageEffects":true,"showParticleSystems":true},"in2DMode":false,"pivot":{"x":34.452911376953128,"y":1.3397220373153687,"z":61.09000015258789},"rotation":{"x":0.320201575756073,"y":-0.19007083773612977,"z":0.06574279814958573,"w":0.9257587790489197},"size":6.338832855224609,"orthographic":false}