{"cameraMode":{"drawMode":0,"name":"Shaded","section":"Shading Mode"},"sceneLighting":false,"audioPlay":false,"sceneViewState":{"showFog":true,"showMaterialUpdate":false,"showSkybox":false,"showFlares":true,"showImageEffects":true,"showParticleSystems":true},"in2DMode":false,"pivot":{"x":-17.87389373779297,"y":-30.849529266357423,"z":40.06349563598633},"rotation":{"x":-0.28357601165771487,"y":0.6861188411712647,"z":-0.33551082015037539,"w":-0.5799030065536499},"size":2.8578836917877199,"orthographic":false}