{"cameraMode":{"drawMode":0,"name":"Shaded","section":"Shading Mode"},"sceneLighting":true,"audioPlay":false,"sceneViewState":{"showFog":true,"showMaterialUpdate":true,"showSkybox":true,"showFlares":true,"showImageEffects":true,"showParticleSystems":true},"in2DMode":false,"pivot":{"x":35.651756286621097,"y":-26.34143829345703,"z":89.5125732421875},"rotation":{"x":0.37461405992507937,"y":-0.009460970759391785,"z":0.0038216575048863889,"w":0.927128255367279},"size":91.59302520751953,"orthographic":false}